SITE_NUM,Unit,LimitL,LimitU,,9,32,34,33,31,30,28,3,29,35,36,6,8,7,5,4,37,39,38,27,26,14,16,15,13,12,1,11,10,17,18,23,25,24,22,21,19,20,2,9,32,34,33,31,30,28,3,29,35,36,6,8,7,5,4,37,39,38,27,26,14,16,15,13,12,1,11,10,17,18,23,25,24,22,21,19,20,2,
PART_ID,,,,,2,2,2,2,2,2,2,2,2,2,2,2,2,2,2,2,2,2,2,2,2,2,2,2,2,2,2,2,2,2,2,2,2,2,2,2,2,2,2,3,3,3,3,3,3,3,3,3,3,3,3,3,3,3,3,3,3,3,3,3,3,3,3,3,3,3,3,3,3,3,3,3,3,3,3,3,3,3,
PASSFG,,,,,True,True,True,True,False,True,True,True,True,True,True,True,True,True,True,True,True,True,True,True,True,True,True,True,True,True,True,True,True,True,True,True,True,True,True,False,False,False,True,True,True,True,True,False,True,True,True,True,True,True,True,True,True,True,True,True,True,True,True,True,True,True,True,True,True,True,True,True,True,True,True,True,True,True,False,False,False,True,
SOFT_BIN,,,,,1,1,1,1,5,1,1,1,1,1,1,1,1,1,1,1,1,1,1,1,1,1,1,1,1,1,1,1,1,1,1,1,1,1,1,5,5,5,1,1,1,1,1,5,1,1,1,1,1,1,1,1,1,1,1,1,1,1,1,1,1,1,1,1,1,1,1,1,1,1,1,1,1,1,5,5,5,1,
T_TIME,ms,,,,1435,1435,1434,1434,154,1435,1434,1435,1435,1435,1434,1435,1435,1434,1435,1435,1434,1434,1435,1433,1435,1435,1435,1434,1435,1435,1434,1435,1434,1434,1434,1434,1435,1435,1435,154,154,154,1434,1435,1435,1434,1434,154,1435,1434,1435,1435,1435,1434,1435,1435,1434,1435,1435,1434,1434,1435,1433,1435,1435,1435,1434,1435,1435,1434,1435,1434,1434,1434,1434,1435,1435,1435,154,154,154,1434,
TEST_NUM,,,,,64,64,64,64,6,64,64,64,64,64,64,64,64,64,64,64,64,64,64,64,64,64,64,64,64,64,64,64,64,64,64,64,64,64,64,6,6,6,64,64,64,64,64,6,64,64,64,64,64,64,64,64,64,64,64,64,64,64,64,64,64,64,64,64,64,64,64,64,64,64,64,64,64,64,6,6,6,64,
Continuity_out,%,-10,10,,0.195695,0.392157,0.196078,0.392157,-100.000000,0.392157,0.392927,0.195695,0.392157,0.392157,0.391389,0.392157,0.195695,0.392157,0.195695,0.195313,0.195695,0.195695,0.392157,0.195695,0.392157,0.588235,0.392157,0.195695,0.392157,0.195695,0.195313,0.588235,0.391389,0.588235,0.392157,0.195695,83.561644,0.392157,0.392157,0.391389,0.392157,0.392157,0.390625,0.195695,0.392157,0.196078,0.392157,-100.000000,0.392157,0.392927,0.195695,0.392157,0.392157,0.391389,0.392157,0.195695,0.392157,0.195695,0.195313,0.195695,0.195695,0.392157,0.195695,0.392157,0.588235,0.392157,0.195695,0.392157,0.195695,0.195313,0.588235,0.391389,0.588235,0.392157,0.195695,83.561644,0.392157,0.392157,0.391389,0.392157,0.392157,0.390625,
Continuity_vin,%,-10,10,,0.411523,0.411523,0.411523,0.618557,0.618557,0.411523,0.824742,0.614754,0.823045,0.617284,0.410678,0.410678,0.205339,0.617284,0.410678,-14.928425,0.617284,0.411523,0.617284,0.616016,0.617284,0.823045,0.824742,0.411523,0.411523,0.204918,-0.000000,0.821355,0.410678,-21.604938,0.617284,0.410678,-2.880658,0.411523,0.824742,0.616016,0.618557,0.410678,0.614754,0.411523,0.411523,0.411523,0.618557,0.618557,0.411523,0.824742,0.614754,0.823045,0.617284,0.410678,0.410678,0.205339,0.617284,0.410678,-14.928425,0.617284,0.411523,0.617284,0.616016,0.617284,0.823045,0.824742,0.411523,0.411523,0.204918,-0.000000,0.821355,0.410678,-21.604938,0.617284,0.410678,-2.880658,0.411523,0.824742,0.616016,0.618557,0.410678,0.614754,
Continuity_en,%,-10,10,,0.356506,0.535714,0.357143,0.535714,0.535714,0.357143,0.535714,0.534759,0.535714,0.535714,0.178253,0.177936,0.356506,0.356506,0.356506,0.177936,0.357143,0.178253,0.535714,0.534759,0.535714,0.535714,0.714286,0.357143,0.357143,0.177936,-0.000000,0.534759,0.356506,0.356506,0.535714,0.178253,0.178253,0.356506,0.357143,-100.000000,-100.000000,-100.000000,0.534759,0.356506,0.535714,0.357143,0.535714,0.535714,0.357143,0.535714,0.534759,0.535714,0.535714,0.178253,0.177936,0.356506,0.356506,0.356506,0.177936,0.357143,0.178253,0.535714,0.534759,0.535714,0.535714,0.714286,0.357143,0.357143,0.177936,-0.000000,0.534759,0.356506,0.356506,0.535714,0.178253,0.178253,0.356506,0.357143,-100.000000,-100.000000,-100.000000,0.534759,
Continuity_pg,%,-10,10,,0.352113,0.352113,0.352113,0.352113,0.529101,0.529101,0.705467,0.351494,0.528169,0.352113,0.352113,0.351494,0.175747,0.352113,0.351494,0.175439,0.352113,0.352113,0.529101,0.528169,0.529101,0.528169,0.528169,0.352113,0.352113,0.175747,0.175439,0.527241,0.352113,0.352113,0.529101,0.352113,0.352113,0.352113,0.529101,0.529101,0.352113,0.352113,0.351494,0.352113,0.352113,0.352113,0.352113,0.529101,0.529101,0.705467,0.351494,0.528169,0.352113,0.352113,0.351494,0.175747,0.352113,0.351494,0.175439,0.352113,0.352113,0.529101,0.528169,0.529101,0.528169,0.528169,0.352113,0.352113,0.175747,0.175439,0.527241,0.352113,0.352113,0.529101,0.352113,0.352113,0.352113,0.529101,0.529101,0.352113,0.352113,0.351494,
Continuity_pgdl,%,-10,10,,0.312989,0.469484,0.312989,0.313480,0.470219,0.312989,0.626959,0.469484,0.312500,0.470219,0.313480,0.312500,0.156495,0.312989,0.313480,0.156495,0.313480,0.156495,0.468750,0.312500,0.470958,0.470219,0.470219,0.312989,0.312989,0.312500,-0.000000,0.312500,0.312989,0.313480,0.312989,0.156495,0.156250,0.313480,0.470219,0.470219,0.156740,0.313480,0.312500,0.312989,0.469484,0.312989,0.313480,0.470219,0.312989,0.626959,0.469484,0.312500,0.470219,0.313480,0.312500,0.156495,0.312989,0.313480,0.156495,0.313480,0.156495,0.468750,0.312500,0.470958,0.470219,0.470219,0.312989,0.312989,0.312500,-0.000000,0.312500,0.312989,0.313480,0.312989,0.156495,0.156250,0.313480,0.470219,0.470219,0.156740,0.313480,0.312500,
Continuity_fb,%,-10,10,,0.230947,0.461894,0.233100,0.231481,0.464037,0.230947,0.459770,0.230415,0.460829,0.233100,0.232558,0.232558,0.232019,0.230947,0.232558,0.232558,0.231481,-0.000000,0.229885,0.230415,0.231481,0.231481,0.232019,0.230947,0.230947,0.230415,-0.000000,0.459770,0.230947,0.233100,0.232019,-0.000000,-0.000000,0.233100,0.230415,0.231481,-0.000000,0.232558,0.231481,0.230947,0.461894,0.233100,0.231481,0.464037,0.230947,0.459770,0.230415,0.460829,0.233100,0.232558,0.232558,0.232019,0.230947,0.232558,0.232558,0.231481,-0.000000,0.229885,0.230415,0.231481,0.231481,0.232019,0.230947,0.230947,0.230415,-0.000000,0.459770,0.230947,0.233100,0.232019,-0.000000,-0.000000,0.233100,0.230415,0.231481,-0.000000,0.232558,0.231481,
Leakage_out_h,%,-10,10,,NULL,NULL,NULL,NULL,NULL,NULL,NULL,NULL,NULL,NULL,NULL,NULL,NULL,NULL,NULL,NULL,NULL,NULL,NULL,NULL,NULL,NULL,NULL,NULL,NULL,NULL,NULL,NULL,NULL,NULL,NULL,NULL,NULL,NULL,NULL,NULL,NULL,NULL,NULL,NULL,NULL,NULL,NULL,NULL,NULL,NULL,NULL,NULL,NULL,NULL,NULL,NULL,NULL,NULL,NULL,NULL,NULL,NULL,NULL,NULL,NULL,NULL,NULL,NULL,NULL,NULL,NULL,NULL,NULL,NULL,NULL,NULL,NULL,NULL,NULL,NULL,NULL,NULL,
Leakage_out_l,%,-10,10,,7.586658,-12.559809,-4.872252,17.803302,NULL,17.929117,-10.707912,-11.957248,-9.205021,-3.936039,-2.771226,-2.212101,-0.734394,7.045144,6.373193,28.908795,3.153989,2.234300,-11.495601,-38.271605,-0.254130,-0.124611,-5.006258,23.820572,10.873916,8.973531,24.414716,-9.698137,5.220634,15.838068,-2.749361,-1.254480,1.010101,-0.432633,0.551133,NULL,NULL,NULL,-22.696477,7.586658,-12.559809,-4.872252,17.803302,NULL,17.929117,-10.707912,-11.957248,-9.205021,-3.936039,-2.771226,-2.212101,-0.734394,7.045144,6.373193,28.908795,3.153989,2.234300,-11.495601,-38.271605,-0.254130,-0.124611,-5.006258,23.820572,10.873916,8.973531,24.414716,-9.698137,5.220634,15.838068,-2.749361,-1.254480,1.010101,-0.432633,0.551133,NULL,NULL,NULL,-22.696477,
Leakage_vin_h,%,-10,10,,NULL,NULL,NULL,NULL,NULL,NULL,NULL,NULL,NULL,NULL,NULL,NULL,NULL,NULL,NULL,NULL,NULL,NULL,NULL,NULL,NULL,NULL,NULL,NULL,NULL,NULL,NULL,NULL,NULL,NULL,NULL,NULL,NULL,NULL,NULL,NULL,NULL,NULL,NULL,NULL,NULL,NULL,NULL,NULL,NULL,NULL,NULL,NULL,NULL,NULL,NULL,NULL,NULL,NULL,NULL,NULL,NULL,NULL,NULL,NULL,NULL,NULL,NULL,NULL,NULL,NULL,NULL,NULL,NULL,NULL,NULL,NULL,NULL,NULL,NULL,NULL,NULL,NULL,
Leakage_en_h,%,-10,10,,NULL,NULL,NULL,NULL,NULL,NULL,NULL,NULL,NULL,NULL,NULL,NULL,NULL,NULL,NULL,NULL,NULL,NULL,NULL,NULL,NULL,NULL,NULL,NULL,NULL,NULL,NULL,NULL,NULL,NULL,NULL,NULL,NULL,NULL,NULL,NULL,NULL,NULL,NULL,NULL,NULL,NULL,NULL,NULL,NULL,NULL,NULL,NULL,NULL,NULL,NULL,NULL,NULL,NULL,NULL,NULL,NULL,NULL,NULL,NULL,NULL,NULL,NULL,NULL,NULL,NULL,NULL,NULL,NULL,NULL,NULL,NULL,NULL,NULL,NULL,NULL,NULL,NULL,
Leakage_en_l,%,-10,10,,28.571429,-109.090909,700.000000,100.000000,NULL,120.000000,-57.142857,250.000000,-110.000000,0.000000,-26.666667,83.333333,700.000000,-45.454545,NULL,-80.000000,-9.090909,0.000000,-187.500000,NULL,-0.000000,-9.090909,-77.777778,-54.545455,33.333333,-141.666667,-80.000000,-0.000000,450.000000,25.000000,-111.111111,200.000000,11.111111,250.000000,57.142857,NULL,NULL,NULL,-172.727273,28.571429,-109.090909,700.000000,100.000000,NULL,120.000000,-57.142857,250.000000,-110.000000,0.000000,-26.666667,83.333333,700.000000,-45.454545,NULL,-80.000000,-9.090909,0.000000,-187.500000,NULL,-0.000000,-9.090909,-77.777778,-54.545455,33.333333,-141.666667,-80.000000,-0.000000,450.000000,25.000000,-111.111111,200.000000,11.111111,250.000000,57.142857,NULL,NULL,NULL,-172.727273,
Leakage_pg_h,%,-10,10,,NULL,NULL,NULL,NULL,NULL,NULL,NULL,NULL,NULL,NULL,NULL,NULL,NULL,NULL,NULL,NULL,NULL,NULL,NULL,NULL,NULL,NULL,NULL,NULL,NULL,NULL,NULL,NULL,NULL,NULL,NULL,NULL,NULL,NULL,NULL,NULL,NULL,NULL,NULL,NULL,NULL,NULL,NULL,NULL,NULL,NULL,NULL,NULL,NULL,NULL,NULL,NULL,NULL,NULL,NULL,NULL,NULL,NULL,NULL,NULL,NULL,NULL,NULL,NULL,NULL,NULL,NULL,NULL,NULL,NULL,NULL,NULL,NULL,NULL,NULL,NULL,NULL,NULL,
Leakage_pg_l,%,-10,10,,14.285714,80.000000,900.000000,66.666667,NULL,-46.153846,66.666667,-40.000000,300.000000,-12.500000,NULL,-57.142857,233.333333,-62.500000,-25.000000,300.000000,120.000000,-37.500000,1000.000000,2866.666667,-25.000000,114.285714,-33.333333,-58.333333,NULL,300.000000,-33.333333,-7.692308,-70.000000,766.666667,1366.666667,-28.571429,-71.428571,-71.428571,-50.000000,NULL,NULL,NULL,150.000000,14.285714,80.000000,900.000000,66.666667,NULL,-46.153846,66.666667,-40.000000,300.000000,-12.500000,NULL,-57.142857,233.333333,-62.500000,-25.000000,300.000000,120.000000,-37.500000,1000.000000,2866.666667,-25.000000,114.285714,-33.333333,-58.333333,NULL,300.000000,-33.333333,-7.692308,-70.000000,766.666667,1366.666667,-28.571429,-71.428571,-71.428571,-50.000000,NULL,NULL,NULL,150.000000,
Leakage_pgdl_h,%,-10,10,,NULL,NULL,NULL,NULL,NULL,NULL,NULL,NULL,NULL,NULL,NULL,NULL,NULL,NULL,NULL,NULL,NULL,NULL,NULL,NULL,NULL,NULL,NULL,NULL,NULL,NULL,NULL,NULL,NULL,NULL,NULL,NULL,NULL,NULL,NULL,NULL,NULL,NULL,NULL,NULL,NULL,NULL,NULL,NULL,NULL,NULL,NULL,NULL,NULL,NULL,NULL,NULL,NULL,NULL,NULL,NULL,NULL,NULL,NULL,NULL,NULL,NULL,NULL,NULL,NULL,NULL,NULL,NULL,NULL,NULL,NULL,NULL,NULL,NULL,NULL,NULL,NULL,NULL,
Leakage_pgdl_l,%,-10,10,,47.368421,58.333333,255.555556,64.285714,NULL,83.333333,-29.411765,-31.578947,5.555556,20.000000,114.285714,21.428571,56.250000,-6.666667,78.571429,120.000000,83.333333,180.000000,18.750000,-6.666667,35.000000,100.000000,75.000000,36.842105,50.000000,228.571429,283.333333,70.000000,64.285714,71.428571,21.428571,16.666667,-52.380952,140.000000,-5.263158,NULL,NULL,NULL,100.000000,47.368421,58.333333,255.555556,64.285714,NULL,83.333333,-29.411765,-31.578947,5.555556,20.000000,114.285714,21.428571,56.250000,-6.666667,78.571429,120.000000,83.333333,180.000000,18.750000,-6.666667,35.000000,100.000000,75.000000,36.842105,50.000000,228.571429,283.333333,70.000000,64.285714,71.428571,21.428571,16.666667,-52.380952,140.000000,-5.263158,NULL,NULL,NULL,100.000000,
Leakage_fb_h,%,-10,10,,NULL,NULL,NULL,NULL,NULL,NULL,NULL,NULL,NULL,NULL,NULL,NULL,NULL,NULL,NULL,NULL,NULL,NULL,NULL,NULL,NULL,NULL,NULL,NULL,NULL,NULL,NULL,NULL,NULL,NULL,NULL,NULL,NULL,NULL,NULL,NULL,NULL,NULL,NULL,NULL,NULL,NULL,NULL,NULL,NULL,NULL,NULL,NULL,NULL,NULL,NULL,NULL,NULL,NULL,NULL,NULL,NULL,NULL,NULL,NULL,NULL,NULL,NULL,NULL,NULL,NULL,NULL,NULL,NULL,NULL,NULL,NULL,NULL,NULL,NULL,NULL,NULL,NULL,
Leakage_fb_l,%,-10,10,,-2.930403,-3.690037,3.409091,3.435115,NULL,3.474903,6.746032,1.465201,1.509434,1.127820,-1.444043,1.123596,1.953125,2.264151,-2.973978,-0.735294,-2.564103,0.000000,0.724638,2.264151,6.488550,-2.222222,1.908397,-1.492537,-0.751880,-2.247191,-3.663004,-2.661597,2.255639,-1.845018,1.893939,-0.732601,2.702703,3.802281,4.850746,NULL,NULL,NULL,-2.120141,-2.930403,-3.690037,3.409091,3.435115,NULL,3.474903,6.746032,1.465201,1.509434,1.127820,-1.444043,1.123596,1.953125,2.264151,-2.973978,-0.735294,-2.564103,0.000000,0.724638,2.264151,6.488550,-2.222222,1.908397,-1.492537,-0.751880,-2.247191,-3.663004,-2.661597,2.255639,-1.845018,1.893939,-0.732601,2.702703,3.802281,4.850746,NULL,NULL,NULL,-2.120141,
Ignd100,%,-10,10,,-1.665771,-0.651092,0.838278,7.398658,NULL,-5.059746,-1.076343,7.724868,0.627017,-0.711170,-2.629226,13.675214,-4.508389,-0.461255,12.610054,-1.907776,15.751186,-1.372872,-0.122818,-0.354411,0.151214,-2.941714,-1.770891,0.009562,-16.729128,0.454181,5.038651,7.512389,-1.356572,-0.339325,1.107273,-0.958016,8.616760,-4.352391,-18.388246,NULL,NULL,NULL,3.760282,-1.665771,-0.651092,0.838278,7.398658,NULL,-5.059746,-1.076343,7.724868,0.627017,-0.711170,-2.629226,13.675214,-4.508389,-0.461255,12.610054,-1.907776,15.751186,-1.372872,-0.122818,-0.354411,0.151214,-2.941714,-1.770891,0.009562,-16.729128,0.454181,5.038651,7.512389,-1.356572,-0.339325,1.107273,-0.958016,8.616760,-4.352391,-18.388246,NULL,NULL,NULL,3.760282,
Ishd,%,-10,10,,-0.117371,-0.230681,0.464576,-0.460299,NULL,-0.232558,-0.122699,0.230415,0.231750,-0.114811,0.000000,-0.432900,-0.465658,0.345622,-0.232288,-0.228833,0.457143,-0.565611,-0.228833,-0.461894,0.232288,-0.346021,-0.115875,0.347625,-0.795455,-0.697674,-0.347222,0.241255,0.230681,0.337079,0.000000,-0.230681,-0.227015,0.348028,0.803674,NULL,NULL,NULL,0.574713,-0.117371,-0.230681,0.464576,-0.460299,NULL,-0.232558,-0.122699,0.230415,0.231750,-0.114811,0.000000,-0.432900,-0.465658,0.345622,-0.232288,-0.228833,0.457143,-0.565611,-0.228833,-0.461894,0.232288,-0.346021,-0.115875,0.347625,-0.795455,-0.697674,-0.347222,0.241255,0.230681,0.337079,0.000000,-0.230681,-0.227015,0.348028,0.803674,NULL,NULL,NULL,0.574713,
Vfb,%,-10,10,,0.000000,0.000000,0.015823,0.000000,NULL,0.007930,0.000000,0.000000,0.007921,0.015934,0.023768,0.023883,0.015897,0.015907,0.007961,0.000000,0.015849,0.023844,0.023895,0.015881,0.007991,0.031618,-0.007945,0.000000,0.000000,0.023889,0.007914,0.023887,0.007933,0.023751,0.015886,0.000000,0.015969,0.007917,0.007937,NULL,NULL,NULL,0.007910,0.000000,0.000000,0.015823,0.000000,NULL,0.007930,0.000000,0.000000,0.007921,0.015934,0.023768,0.023883,0.015897,0.015907,0.007961,0.000000,0.015849,0.023844,0.023895,0.015881,0.007991,0.031618,-0.007945,0.000000,0.000000,0.023889,0.007914,0.023887,0.007933,0.023751,0.015886,0.000000,0.015969,0.007917,0.007937,NULL,NULL,NULL,0.007910,
Vout_5,%,-10,10,,-0.006034,0.011940,-0.005995,0.018150,NULL,0.018014,0.015145,0.000000,0.014975,0.009057,0.005994,0.021089,0.006012,0.021001,0.009013,0.015069,0.011942,0.003002,0.008994,0.012023,-0.003023,0.006001,0.021053,-0.006043,0.000000,0.000000,-0.002995,0.021066,0.014949,0.008970,0.003009,0.012035,0.009045,-0.003005,0.012004,NULL,NULL,NULL,0.020914,-0.006034,0.011940,-0.005995,0.018150,NULL,0.018014,0.015145,0.000000,0.014975,0.009057,0.005994,0.021089,0.006012,0.021001,0.009013,0.015069,0.011942,0.003002,0.008994,0.012023,-0.003023,0.006001,0.021053,-0.006043,0.000000,0.000000,-0.002995,0.021066,0.014949,0.008970,0.003009,0.012035,0.009045,-0.003005,0.012004,NULL,NULL,NULL,0.020914,
Ifb,%,-10,10,,1.851852,2.752294,1.834862,1.834862,NULL,1.834862,1.886792,2.654867,1.818182,2.752294,1.785714,2.752294,0.000000,-1.754386,2.727273,1.818182,1.739130,1.769912,1.754386,1.818182,2.752294,1.851852,1.834862,2.752294,2.727273,2.702703,1.851852,1.869159,1.769912,0.909091,1.834862,1.818182,1.818182,0.917431,1.785714,NULL,NULL,NULL,1.801802,1.851852,2.752294,1.834862,1.834862,NULL,1.834862,1.886792,2.654867,1.818182,2.752294,1.785714,2.752294,0.000000,-1.754386,2.727273,1.818182,1.739130,1.769912,1.754386,1.818182,2.752294,1.851852,1.834862,2.752294,2.727273,2.702703,1.851852,1.869159,1.769912,0.909091,1.834862,1.818182,1.818182,0.917431,1.785714,NULL,NULL,NULL,1.801802,
Ilimit,%,-10,10,,0.000000,0.249377,0.246914,0.000000,NULL,0.000000,0.250627,0.000000,0.000000,0.000000,0.000000,0.000000,0.251256,0.000000,0.000000,0.000000,0.000000,0.000000,0.000000,0.250000,0.000000,0.000000,0.238663,0.246305,0.262467,0.000000,0.000000,0.000000,0.000000,0.000000,0.000000,0.000000,0.000000,0.000000,0.000000,NULL,NULL,NULL,0.000000,0.000000,0.249377,0.246914,0.000000,NULL,0.000000,0.250627,0.000000,0.000000,0.000000,0.000000,0.000000,0.251256,0.000000,0.000000,0.000000,0.000000,0.000000,0.000000,0.250000,0.000000,0.000000,0.238663,0.246305,0.262467,0.000000,0.000000,0.000000,0.000000,0.000000,0.000000,0.000000,0.000000,0.000000,0.000000,NULL,NULL,NULL,0.000000,
Vdropout_5_50mA,%,-10,10,,-0.483406,-0.405243,-0.290229,-0.279913,NULL,-0.271741,-0.504163,-0.323041,-0.811511,-0.455063,-0.344013,-0.327939,-0.246931,-0.420977,-0.522270,-0.217785,-0.324609,0.645275,-0.519236,-0.415819,-0.645506,-0.656809,-0.732289,-0.421259,-0.243071,-0.012702,0.088461,-0.302561,-0.482414,-0.165071,-0.577635,-0.251870,-0.385164,-0.587996,-0.389304,NULL,NULL,NULL,-0.383036,-0.483406,-0.405243,-0.290229,-0.279913,NULL,-0.271741,-0.504163,-0.323041,-0.811511,-0.455063,-0.344013,-0.327939,-0.246931,-0.420977,-0.522270,-0.217785,-0.324609,0.645275,-0.519236,-0.415819,-0.645506,-0.656809,-0.732289,-0.421259,-0.243071,-0.012702,0.088461,-0.302561,-0.482414,-0.165071,-0.577635,-0.251870,-0.385164,-0.587996,-0.389304,NULL,NULL,NULL,-0.383036,
Vdropout_5_300mA,%,-10,10,,-0.276677,-0.408910,-0.426204,-0.259050,NULL,-0.370262,-0.365548,-0.276944,-0.465904,-0.356615,-0.248301,-0.293368,-0.228499,-0.350002,-0.331079,-0.218645,-0.295233,-0.248363,-0.382896,-0.415585,-0.468308,-0.517063,-0.615354,-0.193110,-0.278154,-0.153315,-0.008542,-0.360356,-0.313527,-0.365482,-0.554828,-0.249853,-0.316959,-0.335886,-0.289150,NULL,NULL,NULL,-0.448378,-0.276677,-0.408910,-0.426204,-0.259050,NULL,-0.370262,-0.365548,-0.276944,-0.465904,-0.356615,-0.248301,-0.293368,-0.228499,-0.350002,-0.331079,-0.218645,-0.295233,-0.248363,-0.382896,-0.415585,-0.468308,-0.517063,-0.615354,-0.193110,-0.278154,-0.153315,-0.008542,-0.360356,-0.313527,-0.365482,-0.554828,-0.249853,-0.316959,-0.335886,-0.289150,NULL,NULL,NULL,-0.448378,
Vline_regulation_5,%,-10,10,,-200.749840,125.598991,-215.350966,363.829787,NULL,-665.564738,359.897172,-28.176915,-229.196429,287.277702,-271.065990,51.109411,-481.875659,-39.137380,-46.954711,491.319444,-120.151270,-121.306868,-134.018445,34.006595,-409.068425,43.076162,-249.041714,-90.027000,-63.449601,173.123382,-638.056013,-50.918485,22.939328,3.066271,-32.183758,-337.554374,-86.532616,-56.589410,-62.609238,NULL,NULL,NULL,1173.623853,-200.749840,125.598991,-215.350966,363.829787,NULL,-665.564738,359.897172,-28.176915,-229.196429,287.277702,-271.065990,51.109411,-481.875659,-39.137380,-46.954711,491.319444,-120.151270,-121.306868,-134.018445,34.006595,-409.068425,43.076162,-249.041714,-90.027000,-63.449601,173.123382,-638.056013,-50.918485,22.939328,3.066271,-32.183758,-337.554374,-86.532616,-56.589410,-62.609238,NULL,NULL,NULL,1173.623853,
Vout_6V,%,-10,10,,-0.015083,0.005970,-0.026978,0.006050,NULL,0.030024,0.000000,-0.009008,0.000000,0.012075,0.008991,0.009038,0.009019,0.012001,0.015024,0.018083,0.002986,-0.009006,-0.005996,0.000000,0.009069,0.009002,0.015039,-0.015108,0.018010,-0.014985,-0.008986,0.009028,0.008969,0.014951,0.003010,0.006017,0.027135,0.009016,0.012004,NULL,NULL,NULL,0.008964,-0.015083,0.005970,-0.026978,0.006050,NULL,0.030024,0.000000,-0.009008,0.000000,0.012075,0.008991,0.009038,0.009019,0.012001,0.015024,0.018083,0.002986,-0.009006,-0.005996,0.000000,0.009069,0.009002,0.015039,-0.015108,0.018010,-0.014985,-0.008986,0.009028,0.008969,0.014951,0.003010,0.006017,0.027135,0.009016,0.012004,NULL,NULL,NULL,0.008964,
Vout_12V,%,-10,10,,NULL,NULL,NULL,NULL,NULL,NULL,NULL,NULL,NULL,NULL,NULL,NULL,NULL,NULL,NULL,NULL,NULL,NULL,NULL,NULL,NULL,NULL,NULL,NULL,NULL,NULL,NULL,NULL,NULL,NULL,NULL,NULL,NULL,NULL,NULL,NULL,NULL,NULL,NULL,NULL,NULL,NULL,NULL,NULL,NULL,NULL,NULL,NULL,NULL,NULL,NULL,NULL,NULL,NULL,NULL,NULL,NULL,NULL,NULL,NULL,NULL,NULL,NULL,NULL,NULL,NULL,NULL,NULL,NULL,NULL,NULL,NULL,NULL,NULL,NULL,NULL,NULL,NULL,
Vout_20V,%,-10,10,,NULL,NULL,NULL,NULL,NULL,NULL,NULL,NULL,NULL,NULL,NULL,NULL,NULL,NULL,NULL,NULL,NULL,NULL,NULL,NULL,NULL,NULL,NULL,NULL,NULL,NULL,NULL,NULL,NULL,NULL,NULL,NULL,NULL,NULL,NULL,NULL,NULL,NULL,NULL,NULL,NULL,NULL,NULL,NULL,NULL,NULL,NULL,NULL,NULL,NULL,NULL,NULL,NULL,NULL,NULL,NULL,NULL,NULL,NULL,NULL,NULL,NULL,NULL,NULL,NULL,NULL,NULL,NULL,NULL,NULL,NULL,NULL,NULL,NULL,NULL,NULL,NULL,NULL,
Vout_30V,%,-10,10,,NULL,NULL,NULL,NULL,NULL,NULL,NULL,NULL,NULL,NULL,NULL,NULL,NULL,NULL,NULL,NULL,NULL,NULL,NULL,NULL,NULL,NULL,NULL,NULL,NULL,NULL,NULL,NULL,NULL,NULL,NULL,NULL,NULL,NULL,NULL,NULL,NULL,NULL,NULL,NULL,NULL,NULL,NULL,NULL,NULL,NULL,NULL,NULL,NULL,NULL,NULL,NULL,NULL,NULL,NULL,NULL,NULL,NULL,NULL,NULL,NULL,NULL,NULL,NULL,NULL,NULL,NULL,NULL,NULL,NULL,NULL,NULL,NULL,NULL,NULL,NULL,NULL,NULL,
Vout_40V,%,-10,10,,0.021120,0.008954,0.035981,0.003025,NULL,0.009007,0.003028,-0.003003,-0.005989,0.018113,0.020979,0.009038,0.036077,0.009000,0.009013,0.009041,0.008958,0.012010,0.020990,0.000000,0.024185,0.003001,0.006015,0.000000,0.030022,0.000000,0.000000,0.012038,0.005980,0.014952,0.009031,-0.015042,0.015072,0.000000,0.006002,NULL,NULL,NULL,-0.005976,0.021120,0.008954,0.035981,0.003025,NULL,0.009007,0.003028,-0.003003,-0.005989,0.018113,0.020979,0.009038,0.036077,0.009000,0.009013,0.009041,0.008958,0.012010,0.020990,0.000000,0.024185,0.003001,0.006015,0.000000,0.030022,0.000000,0.000000,0.012038,0.005980,0.014952,0.009031,-0.015042,0.015072,0.000000,0.006002,NULL,NULL,NULL,-0.005976,
Vload_regulation_5,%,-10,10,,35.984956,-36.958541,5.899981,-14.383808,NULL,6.492512,2.739820,-12.765334,30.078077,-8.054345,26.305622,15.847410,24.715694,48.418130,-5.109972,14.524525,-13.075223,-37.701512,-3.374441,30.626354,-25.656152,-3.319360,8.220016,9.567854,-11.118527,12.586127,37.979714,-7.913486,-8.530026,12.122533,18.876922,4.573036,-12.730186,-43.052164,1.505988,NULL,NULL,NULL,7.475645,35.984956,-36.958541,5.899981,-14.383808,NULL,6.492512,2.739820,-12.765334,30.078077,-8.054345,26.305622,15.847410,24.715694,48.418130,-5.109972,14.524525,-13.075223,-37.701512,-3.374441,30.626354,-25.656152,-3.319360,8.220016,9.567854,-11.118527,12.586127,37.979714,-7.913486,-8.530026,12.122533,18.876922,4.573036,-12.730186,-43.052164,1.505988,NULL,NULL,NULL,7.475645,
Vout_5mA,%,-10,10,,0.015089,-0.011942,0.023988,0.003025,NULL,0.018016,0.003027,-0.003003,0.017974,-0.006038,-0.014987,0.042186,0.015034,0.018001,-0.003005,-0.015072,0.014930,-0.012009,0.002999,0.009018,-0.018132,0.003000,0.009023,0.009065,0.006003,0.017983,0.026963,0.024084,-0.005980,0.008970,0.024088,0.000000,-0.009043,-0.036051,-0.018008,NULL,NULL,NULL,0.020918,0.015089,-0.011942,0.023988,0.003025,NULL,0.018016,0.003027,-0.003003,0.017974,-0.006038,-0.014987,0.042186,0.015034,0.018001,-0.003005,-0.015072,0.014930,-0.012009,0.002999,0.009018,-0.018132,0.003000,0.009023,0.009065,0.006003,0.017983,0.026963,0.024084,-0.005980,0.008970,0.024088,0.000000,-0.009043,-0.036051,-0.018008,NULL,NULL,NULL,0.020918,
Vout_300mA,%,-10,10,,-0.018123,0.029890,0.018014,0.018171,NULL,0.006012,-0.003034,0.012028,-0.011994,0.003022,-0.042003,0.027149,-0.012039,-0.021017,0.000000,-0.030177,0.035886,0.045103,0.006004,-0.021062,0.018160,0.009015,0.000000,-0.006052,0.021039,0.006002,-0.008996,0.030137,0.005988,-0.005987,0.006027,-0.009037,0.006036,0.027077,-0.018026,NULL,NULL,NULL,0.011967,-0.018123,0.029890,0.018014,0.018171,NULL,0.006012,-0.003034,0.012028,-0.011994,0.003022,-0.042003,0.027149,-0.012039,-0.021017,0.000000,-0.030177,0.035886,0.045103,0.006004,-0.021062,0.018160,0.009015,0.000000,-0.006052,0.021039,0.006002,-0.008996,0.030137,0.005988,-0.005987,0.006027,-0.009037,0.006036,0.027077,-0.018026,NULL,NULL,NULL,0.011967,
Ven_low,%,-10,10,,1.736111,-0.170648,-0.170358,0.000000,NULL,0.000000,0.000000,1.736111,1.562500,1.736111,0.000000,1.913043,0.173913,1.562500,-0.173611,1.562500,1.913043,0.000000,0.000000,0.000000,1.913043,1.562500,1.913043,0.170940,0.170940,1.736111,-0.173611,-0.170648,1.736111,1.913043,0.000000,0.000000,0.000000,-0.170648,0.000000,NULL,NULL,NULL,1.736111,1.736111,-0.170648,-0.170358,0.000000,NULL,0.000000,0.000000,1.736111,1.562500,1.736111,0.000000,1.913043,0.173913,1.562500,-0.173611,1.562500,1.913043,0.000000,0.000000,0.000000,1.913043,1.562500,1.913043,0.170940,0.170940,1.736111,-0.173611,-0.170648,1.736111,1.913043,0.000000,0.000000,0.000000,-0.170648,0.000000,NULL,NULL,NULL,1.736111,
Ven_high,%,-10,10,,0.000000,-0.083333,0.000000,-0.750000,NULL,0.000000,0.000000,0.084034,0.084104,0.000000,-0.084746,0.084104,0.000000,0.671141,0.084818,0.000000,0.762066,-0.084034,0.251467,-0.084034,0.084104,0.084104,0.000000,0.335570,0.000000,-0.084531,0.084818,0.000000,0.000000,-0.084034,0.000000,-0.084034,0.000000,0.000000,0.000000,NULL,NULL,NULL,0.000000,0.000000,-0.083333,0.000000,-0.750000,NULL,0.000000,0.000000,0.084034,0.084104,0.000000,-0.084746,0.084104,0.000000,0.671141,0.084818,0.000000,0.762066,-0.084034,0.251467,-0.084034,0.084104,0.084104,0.000000,0.335570,0.000000,-0.084531,0.084818,0.000000,0.000000,-0.084034,0.000000,-0.084034,0.000000,0.000000,0.000000,NULL,NULL,NULL,0.000000,
Ien,%,-10,10,,650.000000,-76.470588,0.000000,88.888889,NULL,-4.347826,800.000000,-200.000000,-500.000000,400.000000,-11.111111,-21.428571,75.000000,10.000000,200.000000,12.500000,-14.285714,-61.111111,-250.000000,100.000000,83.333333,-18.421053,-24.489796,44.444444,0.000000,-100.000000,-22.222222,-55.172414,2.941176,30.769231,-22.222222,116.666667,-36.842105,0.000000,200.000000,NULL,NULL,NULL,-900.000000,650.000000,-76.470588,0.000000,88.888889,NULL,-4.347826,800.000000,-200.000000,-500.000000,400.000000,-11.111111,-21.428571,75.000000,10.000000,200.000000,12.500000,-14.285714,-61.111111,-250.000000,100.000000,83.333333,-18.421053,-24.489796,44.444444,0.000000,-100.000000,-22.222222,-55.172414,2.941176,30.769231,-22.222222,116.666667,-36.842105,0.000000,200.000000,NULL,NULL,NULL,-900.000000,
PG_rising,%,-10,10,,-0.010779,-0.044092,0.001078,0.075347,NULL,-0.002157,-0.188045,0.007534,0.015095,0.087397,-0.068763,0.005382,-0.033322,-0.096707,0.049489,0.092554,-0.021503,-0.161607,-0.003233,-0.101516,-0.093369,0.077941,0.024751,-0.004299,-0.067162,-0.035566,-0.030187,-0.025821,0.062230,-0.136140,-0.134841,0.138322,-0.057045,-0.001078,0.000000,NULL,NULL,NULL,0.039990,-0.010779,-0.044092,0.001078,0.075347,NULL,-0.002157,-0.188045,0.007534,0.015095,0.087397,-0.068763,0.005382,-0.033322,-0.096707,0.049489,0.092554,-0.021503,-0.161607,-0.003233,-0.101516,-0.093369,0.077941,0.024751,-0.004299,-0.067162,-0.035566,-0.030187,-0.025821,0.062230,-0.136140,-0.134841,0.138322,-0.057045,-0.001078,0.000000,NULL,NULL,NULL,0.039990,
PG_hys,%,-10,10,,9.789123,-1.160791,19.022222,-3.098827,NULL,4.694420,-3.871945,-0.330469,-1.036598,6.899602,-1.878430,3.673469,-16.073288,-12.925170,-10.415735,12.978083,1.581028,-8.035339,-3.836006,-1.415814,-2.457265,15.063319,6.411946,-6.062581,-16.738004,-6.768838,6.700916,1.040312,4.152787,23.656885,0.648915,-11.976967,-9.700743,6.447775,-13.664735,NULL,NULL,NULL,-0.519256,9.789123,-1.160791,19.022222,-3.098827,NULL,4.694420,-3.871945,-0.330469,-1.036598,6.899602,-1.878430,3.673469,-16.073288,-12.925170,-10.415735,12.978083,1.581028,-8.035339,-3.836006,-1.415814,-2.457265,15.063319,6.411946,-6.062581,-16.738004,-6.768838,6.700916,1.040312,4.152787,23.656885,0.648915,-11.976967,-9.700743,6.447775,-13.664735,NULL,NULL,NULL,-0.519256,
PG_low,%,-10,10,,-0.111421,-0.282646,0.733221,-0.226244,NULL,-0.280112,1.020408,-0.330761,-0.332226,-0.396152,-0.112549,-0.226116,-0.055928,-0.282646,-0.223964,-0.056306,-0.278862,1.642129,-0.275938,0.887902,-0.335570,-0.447427,-0.394366,-0.225479,-0.223214,-0.221239,-0.056370,-0.432199,-0.222469,1.183766,0.619718,-0.056529,-0.169109,-0.225606,-0.276396,NULL,NULL,NULL,-0.280269,-0.111421,-0.282646,0.733221,-0.226244,NULL,-0.280112,1.020408,-0.330761,-0.332226,-0.396152,-0.112549,-0.226116,-0.055928,-0.282646,-0.223964,-0.056306,-0.278862,1.642129,-0.275938,0.887902,-0.335570,-0.447427,-0.394366,-0.225479,-0.223214,-0.221239,-0.056370,-0.432199,-0.222469,1.183766,0.619718,-0.056529,-0.169109,-0.225606,-0.276396,NULL,NULL,NULL,-0.280269,
PG_leakage,%,-10,10,,15.384615,7.692308,-14.285714,15.384615,NULL,14.285714,15.384615,21.428571,13.333333,0.000000,6.666667,6.666667,7.142857,23.076923,0.000000,28.571429,7.692308,23.076923,15.384615,-14.285714,14.285714,25.000000,23.076923,14.285714,16.666667,14.285714,6.666667,15.384615,7.142857,21.428571,7.692308,7.142857,6.666667,30.769231,7.142857,NULL,NULL,NULL,6.666667,15.384615,7.692308,-14.285714,15.384615,NULL,14.285714,15.384615,21.428571,13.333333,0.000000,6.666667,6.666667,7.142857,23.076923,0.000000,28.571429,7.692308,23.076923,15.384615,-14.285714,14.285714,25.000000,23.076923,14.285714,16.666667,14.285714,6.666667,15.384615,7.142857,21.428571,7.692308,7.142857,6.666667,30.769231,7.142857,NULL,NULL,NULL,6.666667,
PGDL_charg,%,-10,10,,-0.121102,-0.145742,-0.029603,0.019940,NULL,-0.078756,-0.128370,-0.046694,-0.070607,-0.081045,-0.079642,-0.138874,-0.084264,-0.040384,-0.121605,-0.021411,-0.105385,-0.049950,-0.077101,-0.088942,-0.160051,-0.135614,-0.162107,-0.107828,-0.151515,-0.075930,-0.070994,-0.020010,-0.075749,-0.029452,-0.078387,-0.104965,-0.121102,-0.144332,-0.098328,NULL,NULL,NULL,-0.079271,-0.121102,-0.145742,-0.029603,0.019940,NULL,-0.078756,-0.128370,-0.046694,-0.070607,-0.081045,-0.079642,-0.138874,-0.084264,-0.040384,-0.121605,-0.021411,-0.105385,-0.049950,-0.077101,-0.088942,-0.160051,-0.135614,-0.162107,-0.107828,-0.151515,-0.075930,-0.070994,-0.020010,-0.075749,-0.029452,-0.078387,-0.104965,-0.121102,-0.144332,-0.098328,NULL,NULL,NULL,-0.079271,
PGDL_rising,%,-10,10,,0.022348,0.513737,-1.111296,-0.011173,NULL,0.000000,-0.544974,-0.033512,-0.011173,0.027778,0.011176,0.022477,-0.044425,0.044457,0.022227,0.027936,-0.027931,-1.094749,0.005587,-0.542021,0.011174,0.011110,-0.016667,0.011174,0.016764,-0.027928,-0.016757,0.022474,-0.049997,0.000000,-1.106331,0.067050,0.016761,-0.027925,-0.033516,NULL,NULL,NULL,0.547394,0.022348,0.513737,-1.111296,-0.011173,NULL,0.000000,-0.544974,-0.033512,-0.011173,0.027778,0.011176,0.022477,-0.044425,0.044457,0.022227,0.027936,-0.027931,-1.094749,0.005587,-0.542021,0.011174,0.011110,-0.016667,0.011174,0.016764,-0.027928,-0.016757,0.022474,-0.049997,0.000000,-1.106331,0.067050,0.016761,-0.027925,-0.033516,NULL,NULL,NULL,0.547394,
PGDL_falling,%,-10,10,,-0.084488,-0.103093,-1.128784,0.327925,NULL,-0.236486,1.644737,0.049925,1.815039,-0.133023,-0.051760,1.318603,-0.137788,2.090770,1.118265,0.052539,-1.057118,-0.084789,0.067705,-0.466589,-0.379441,-0.051653,1.359725,0.236887,2.326383,-0.068799,0.283239,-0.084717,-0.649243,0.531561,-0.550964,-0.017250,0.625423,-1.005548,1.676545,NULL,NULL,NULL,0.318045,-0.084488,-0.103093,-1.128784,0.327925,NULL,-0.236486,1.644737,0.049925,1.815039,-0.133023,-0.051760,1.318603,-0.137788,2.090770,1.118265,0.052539,-1.057118,-0.084789,0.067705,-0.466589,-0.379441,-0.051653,1.359725,0.236887,2.326383,-0.068799,0.283239,-0.084717,-0.649243,0.531561,-0.550964,-0.017250,0.625423,-1.005548,1.676545,NULL,NULL,NULL,0.318045,
PG_reaction,%,-10,10,,0.000000,0.000000,0.000000,0.000000,NULL,0.000000,0.000000,0.000000,0.000000,0.000000,0.000000,0.000000,0.000000,0.000000,0.000000,0.000000,0.000000,0.000000,0.000000,0.000000,0.000000,0.000000,0.000000,0.000000,0.000000,0.000000,0.000000,0.000000,0.000000,0.000000,0.000000,0.000000,0.000000,0.000000,0.000000,NULL,NULL,NULL,0.000000,0.000000,0.000000,0.000000,0.000000,NULL,0.000000,0.000000,0.000000,0.000000,0.000000,0.000000,0.000000,0.000000,0.000000,0.000000,0.000000,0.000000,0.000000,0.000000,0.000000,0.000000,0.000000,0.000000,0.000000,0.000000,0.000000,0.000000,0.000000,0.000000,0.000000,0.000000,0.000000,0.000000,0.000000,0.000000,NULL,NULL,NULL,0.000000,
Post_Ignd100,%,-10,10,,-1.016644,-0.580179,-2.177875,0.292453,NULL,-0.829527,-1.108707,-1.053097,-0.959693,0.514727,-2.383085,1.831325,-4.840681,1.728915,19.931630,-1.468322,-18.484178,0.745788,-0.570676,-0.093127,-1.491557,-1.779490,18.422804,0.143499,-0.644841,0.435866,-0.511105,14.171151,-1.187264,-0.210199,-12.564892,-8.514222,-3.981742,13.820345,-0.357607,NULL,NULL,NULL,3.328434,-1.016644,-0.580179,-2.177875,0.292453,NULL,-0.829527,-1.108707,-1.053097,-0.959693,0.514727,-2.383085,1.831325,-4.840681,1.728915,19.931630,-1.468322,-18.484178,0.745788,-0.570676,-0.093127,-1.491557,-1.779490,18.422804,0.143499,-0.644841,0.435866,-0.511105,14.171151,-1.187264,-0.210199,-12.564892,-8.514222,-3.981742,13.820345,-0.357607,NULL,NULL,NULL,3.328434,
Post_Ishd,%,-10,10,,-0.377834,0.000000,-0.373134,-0.123916,NULL,-0.249688,-0.788436,-0.246609,-0.248139,0.123457,0.000000,0.116279,-0.625782,-0.495663,-0.375000,-0.369914,-0.244200,-0.607533,-0.122850,-0.124688,0.000000,-0.618047,-0.249377,-0.124533,-0.488998,-0.250941,-0.124688,-0.514801,-0.369914,-0.240096,-0.124378,-0.124224,-0.487211,-0.618047,0.123305,NULL,NULL,NULL,-0.123762,-0.377834,0.000000,-0.373134,-0.123916,NULL,-0.249688,-0.788436,-0.246609,-0.248139,0.123457,0.000000,0.116279,-0.625782,-0.495663,-0.375000,-0.369914,-0.244200,-0.607533,-0.122850,-0.124688,0.000000,-0.618047,-0.249377,-0.124533,-0.488998,-0.250941,-0.124688,-0.514801,-0.369914,-0.240096,-0.124378,-0.124224,-0.487211,-0.618047,0.123305,NULL,NULL,NULL,-0.123762,
Post_Leakage_out_h,%,-10,10,,NULL,NULL,NULL,NULL,NULL,NULL,NULL,NULL,NULL,NULL,NULL,NULL,NULL,NULL,NULL,NULL,NULL,NULL,NULL,NULL,NULL,NULL,NULL,NULL,NULL,NULL,NULL,NULL,NULL,NULL,NULL,NULL,NULL,NULL,NULL,NULL,NULL,NULL,NULL,NULL,NULL,NULL,NULL,NULL,NULL,NULL,NULL,NULL,NULL,NULL,NULL,NULL,NULL,NULL,NULL,NULL,NULL,NULL,NULL,NULL,NULL,NULL,NULL,NULL,NULL,NULL,NULL,NULL,NULL,NULL,NULL,NULL,NULL,NULL,NULL,NULL,NULL,NULL,
Post_Leakage_out_l,%,-10,10,,33.308439,-8.154270,-1.935484,-5.406852,NULL,1.748449,-6.632653,1.247031,-18.197088,-8.854455,4.073437,2.689487,-3.912800,3.066038,0.862069,6.798517,-3.813797,-46.175478,-5.340909,-9.049774,-0.837989,-1.378518,-26.992853,28.860029,2.185164,6.001154,-0.563698,-5.959885,17.097416,-0.773481,-5.091533,19.218025,2.359551,22.693603,6.086957,NULL,NULL,NULL,-9.354648,33.308439,-8.154270,-1.935484,-5.406852,NULL,1.748449,-6.632653,1.247031,-18.197088,-8.854455,4.073437,2.689487,-3.912800,3.066038,0.862069,6.798517,-3.813797,-46.175478,-5.340909,-9.049774,-0.837989,-1.378518,-26.992853,28.860029,2.185164,6.001154,-0.563698,-5.959885,17.097416,-0.773481,-5.091533,19.218025,2.359551,22.693603,6.086957,NULL,NULL,NULL,-9.354648,
Post_Leakage_vin_h,%,-10,10,,NULL,NULL,NULL,NULL,NULL,NULL,NULL,NULL,NULL,NULL,NULL,NULL,NULL,NULL,NULL,NULL,NULL,NULL,NULL,NULL,NULL,NULL,NULL,NULL,NULL,NULL,NULL,NULL,NULL,NULL,NULL,NULL,NULL,NULL,NULL,NULL,NULL,NULL,NULL,NULL,NULL,NULL,NULL,NULL,NULL,NULL,NULL,NULL,NULL,NULL,NULL,NULL,NULL,NULL,NULL,NULL,NULL,NULL,NULL,NULL,NULL,NULL,NULL,NULL,NULL,NULL,NULL,NULL,NULL,NULL,NULL,NULL,NULL,NULL,NULL,NULL,NULL,NULL,
Post_Leakage_en_h,%,-10,10,,NULL,NULL,NULL,NULL,NULL,NULL,NULL,NULL,NULL,NULL,NULL,NULL,NULL,NULL,NULL,NULL,NULL,NULL,NULL,NULL,NULL,NULL,NULL,NULL,NULL,NULL,NULL,NULL,NULL,NULL,NULL,NULL,NULL,NULL,NULL,NULL,NULL,NULL,NULL,NULL,NULL,NULL,NULL,NULL,NULL,NULL,NULL,NULL,NULL,NULL,NULL,NULL,NULL,NULL,NULL,NULL,NULL,NULL,NULL,NULL,NULL,NULL,NULL,NULL,NULL,NULL,NULL,NULL,NULL,NULL,NULL,NULL,NULL,NULL,NULL,NULL,NULL,NULL,
Post_Leakage_en_l,%,-10,10,,-400.000000,-50.000000,150.000000,166.666667,NULL,-114.285714,-128.571429,83.333333,233.333333,-25.000000,100.000000,-44.444444,150.000000,0.000000,10.000000,66.666667,-112.500000,150.000000,-100.000000,40.000000,-142.857143,100.000000,-18.181818,50.000000,-100.000000,0.000000,-111.111111,-300.000000,-700.000000,-100.000000,-80.000000,160.000000,150.000000,-66.666667,15.384615,NULL,NULL,NULL,-40.000000,-400.000000,-50.000000,150.000000,166.666667,NULL,-114.285714,-128.571429,83.333333,233.333333,-25.000000,100.000000,-44.444444,150.000000,0.000000,10.000000,66.666667,-112.500000,150.000000,-100.000000,40.000000,-142.857143,100.000000,-18.181818,50.000000,-100.000000,0.000000,-111.111111,-300.000000,-700.000000,-100.000000,-80.000000,160.000000,150.000000,-66.666667,15.384615,NULL,NULL,NULL,-40.000000,
Post_Leakage_pg_h,%,-10,10,,NULL,NULL,NULL,NULL,NULL,NULL,NULL,NULL,NULL,NULL,NULL,NULL,NULL,NULL,NULL,NULL,NULL,NULL,NULL,NULL,NULL,NULL,NULL,NULL,NULL,NULL,NULL,NULL,NULL,NULL,NULL,NULL,NULL,NULL,NULL,NULL,NULL,NULL,NULL,NULL,NULL,NULL,NULL,NULL,NULL,NULL,NULL,NULL,NULL,NULL,NULL,NULL,NULL,NULL,NULL,NULL,NULL,NULL,NULL,NULL,NULL,NULL,NULL,NULL,NULL,NULL,NULL,NULL,NULL,NULL,NULL,NULL,NULL,NULL,NULL,NULL,NULL,NULL,
Post_Leakage_pg_l,%,-10,10,,-81.818182,11.111111,473.333333,-600.000000,NULL,-50.000000,5200.000000,-53.846154,-115.384615,42.857143,-0.000000,-133.333333,20.000000,-50.000000,-60.000000,14.285714,266.666667,25.000000,200.000000,800.000000,-0.000000,60.000000,70.000000,-14.285714,-140.000000,75.000000,200.000000,133.333333,-62.500000,80.000000,NULL,-0.000000,85.714286,25.000000,42.857143,NULL,NULL,NULL,233.333333,-81.818182,11.111111,473.333333,-600.000000,NULL,-50.000000,5200.000000,-53.846154,-115.384615,42.857143,-0.000000,-133.333333,20.000000,-50.000000,-60.000000,14.285714,266.666667,25.000000,200.000000,800.000000,-0.000000,60.000000,70.000000,-14.285714,-140.000000,75.000000,200.000000,133.333333,-62.500000,80.000000,NULL,-0.000000,85.714286,25.000000,42.857143,NULL,NULL,NULL,233.333333,
Post_Leakage_pgdl_h,%,-10,10,,NULL,NULL,NULL,NULL,NULL,NULL,NULL,NULL,NULL,NULL,NULL,NULL,NULL,NULL,NULL,NULL,NULL,NULL,NULL,NULL,NULL,NULL,NULL,NULL,NULL,NULL,NULL,NULL,NULL,NULL,NULL,NULL,NULL,NULL,NULL,NULL,NULL,NULL,NULL,NULL,NULL,NULL,NULL,NULL,NULL,NULL,NULL,NULL,NULL,NULL,NULL,NULL,NULL,NULL,NULL,NULL,NULL,NULL,NULL,NULL,NULL,NULL,NULL,NULL,NULL,NULL,NULL,NULL,NULL,NULL,NULL,NULL,NULL,NULL,NULL,NULL,NULL,NULL,
Post_Leakage_pgdl_l,%,-10,10,,54.545455,5.263158,4.761905,33.333333,NULL,60.000000,-23.076923,172.727273,107.692308,155.555556,18.750000,108.333333,50.000000,15.000000,-34.782609,29.411765,21.428571,214.285714,57.142857,30.769231,108.333333,500.000000,41.176471,123.076923,76.923077,125.000000,26.315789,850.000000,35.000000,75.000000,13.333333,10.000000,76.923077,-4.347826,23.529412,NULL,NULL,NULL,4.545455,54.545455,5.263158,4.761905,33.333333,NULL,60.000000,-23.076923,172.727273,107.692308,155.555556,18.750000,108.333333,50.000000,15.000000,-34.782609,29.411765,21.428571,214.285714,57.142857,30.769231,108.333333,500.000000,41.176471,123.076923,76.923077,125.000000,26.315789,850.000000,35.000000,75.000000,13.333333,10.000000,76.923077,-4.347826,23.529412,NULL,NULL,NULL,4.545455,
Post_Leakage_fb_h,%,-10,10,,NULL,NULL,NULL,NULL,NULL,NULL,NULL,NULL,NULL,NULL,NULL,NULL,NULL,NULL,NULL,NULL,NULL,NULL,NULL,NULL,NULL,NULL,NULL,NULL,NULL,NULL,NULL,NULL,NULL,NULL,NULL,NULL,NULL,NULL,NULL,NULL,NULL,NULL,NULL,NULL,NULL,NULL,NULL,NULL,NULL,NULL,NULL,NULL,NULL,NULL,NULL,NULL,NULL,NULL,NULL,NULL,NULL,NULL,NULL,NULL,NULL,NULL,NULL,NULL,NULL,NULL,NULL,NULL,NULL,NULL,NULL,NULL,NULL,NULL,NULL,NULL,NULL,NULL,
Post_Leakage_fb_l,%,-10,10,,-2.205882,3.488372,-4.460967,2.298851,NULL,2.734375,-0.749064,0.749064,1.132075,1.470588,-2.898551,-1.481481,1.515152,-3.272727,-4.946996,-2.898551,0.000000,3.649635,-1.079137,2.631579,1.520913,-1.486989,1.879699,-3.731343,3.409091,-4.029304,-1.831502,-1.865672,0.738007,1.526718,1.127820,-0.740741,-2.631579,-2.158273,-1.818182,NULL,NULL,NULL,-3.249097,-2.205882,3.488372,-4.460967,2.298851,NULL,2.734375,-0.749064,0.749064,1.132075,1.470588,-2.898551,-1.481481,1.515152,-3.272727,-4.946996,-2.898551,0.000000,3.649635,-1.079137,2.631579,1.520913,-1.486989,1.879699,-3.731343,3.409091,-4.029304,-1.831502,-1.865672,0.738007,1.526718,1.127820,-0.740741,-2.631579,-2.158273,-1.818182,NULL,NULL,NULL,-3.249097,
Post_Continuity_out,%,-10,10,,0.392927,0.393701,0.393701,0.393701,NULL,0.393701,0.591716,0.392927,0.590551,0.393701,0.196078,0.393701,0.196078,0.393701,0.196464,0.196078,0.196464,0.196464,0.393701,0.392927,0.392927,0.392927,0.590551,0.196464,0.196464,0.196464,0.196078,0.392927,0.196078,0.393701,0.393701,0.196464,0.196464,0.393701,0.393701,NULL,NULL,NULL,0.392157,0.392927,0.393701,0.393701,0.393701,NULL,0.393701,0.591716,0.392927,0.590551,0.393701,0.196078,0.393701,0.196078,0.393701,0.196464,0.196078,0.196464,0.196464,0.393701,0.392927,0.392927,0.392927,0.590551,0.196464,0.196464,0.196464,0.196078,0.392927,0.196078,0.393701,0.393701,0.196464,0.196464,0.393701,0.393701,NULL,NULL,NULL,0.392157,
Post_Continuity_vin,%,-10,10,,0.414079,0.622407,0.414938,0.622407,NULL,0.414079,0.829876,0.618557,0.828157,0.621118,0.413223,0.413223,0.206612,0.414079,0.413223,0.412371,0.414079,0.207039,0.829876,0.619835,0.621118,0.621118,0.829876,0.414079,0.414079,0.206186,0.206186,0.619835,0.413223,0.622407,0.621118,0.206612,0.414079,0.414079,0.414079,NULL,NULL,NULL,0.618557,0.414079,0.622407,0.414938,0.622407,NULL,0.414079,0.829876,0.618557,0.828157,0.621118,0.413223,0.413223,0.206612,0.414079,0.413223,0.412371,0.414079,0.207039,0.829876,0.619835,0.621118,0.621118,0.829876,0.414079,0.414079,0.206186,0.206186,0.619835,0.413223,0.622407,0.621118,0.206612,0.414079,0.414079,0.414079,NULL,NULL,NULL,0.618557,
Post_Continuity_en,%,-10,10,,0.358423,0.358423,0.358423,0.358423,NULL,0.358423,0.537634,0.357782,0.358423,0.358423,0.358423,0.357782,0.178891,0.358423,0.357782,0.357782,0.358423,0.179211,0.538600,0.537634,0.358423,0.537634,0.537634,0.358423,0.358423,0.178891,0.178571,0.536673,0.358423,0.358423,0.358423,0.358423,0.358423,0.358423,0.538600,NULL,NULL,NULL,0.357782,0.358423,0.358423,0.358423,0.358423,NULL,0.358423,0.537634,0.357782,0.358423,0.358423,0.358423,0.357782,0.178891,0.358423,0.357782,0.357782,0.358423,0.179211,0.538600,0.537634,0.358423,0.537634,0.537634,0.358423,0.358423,0.178891,0.178571,0.536673,0.358423,0.358423,0.358423,0.358423,0.358423,0.358423,0.538600,NULL,NULL,NULL,0.357782,
Post_Continuity_pg,%,-10,10,,0.176678,0.530973,0.353982,0.353982,NULL,0.353982,0.707965,0.530035,0.530973,0.530973,0.353982,0.353357,0.176678,0.176678,0.353357,0.176367,0.353982,0.353982,0.530973,0.530035,0.530973,0.530973,0.530973,0.353982,0.353982,0.176678,0.176367,0.530035,0.176678,0.353982,0.530973,0.353982,0.353982,0.353982,0.353982,NULL,NULL,NULL,0.530035,0.176678,0.530973,0.353982,0.353982,NULL,0.353982,0.707965,0.530035,0.530973,0.530973,0.353982,0.353357,0.176678,0.176678,0.353357,0.176367,0.353982,0.353982,0.530973,0.530035,0.530973,0.530973,0.530973,0.353982,0.353982,0.176678,0.176367,0.530035,0.176678,0.353982,0.530973,0.353982,0.353982,0.353982,0.353982,NULL,NULL,NULL,0.530035,
Post_Continuity_pgdl,%,-10,10,,0.156986,0.313972,0.314465,0.314465,NULL,0.314465,0.471698,0.313972,0.470958,0.472441,0.314961,0.313972,0.157233,0.313972,0.157233,0.156986,0.314465,0.157233,0.313480,0.470958,0.472441,0.471698,0.471698,0.313972,0.313972,0.156740,0.156740,0.470958,0.156986,0.314961,0.471698,0.314465,0.156986,0.314961,0.314465,NULL,NULL,NULL,0.470958,0.156986,0.313972,0.314465,0.314465,NULL,0.314465,0.471698,0.313972,0.470958,0.472441,0.314961,0.313972,0.157233,0.313972,0.157233,0.156986,0.314465,0.157233,0.313480,0.470958,0.472441,0.471698,0.471698,0.313972,0.313972,0.156740,0.156740,0.470958,0.156986,0.314961,0.471698,0.314465,0.156986,0.314961,0.314465,NULL,NULL,NULL,0.470958,
Post_Continuity_fb,%,-10,10,,0.231481,0.231481,0.233645,-0.000000,NULL,-0.000000,0.460829,0.230947,0.230947,0.233645,0.233100,-0.000000,-0.000000,-0.000000,0.233100,0.233100,0.232019,0.233100,0.230415,0.230947,0.232019,0.232019,0.232558,0.231481,0.231481,0.230947,-0.000000,0.230415,0.231481,-0.000000,0.232558,0.233645,0.231481,0.233645,0.230947,NULL,NULL,NULL,0.232019,0.231481,0.231481,0.233645,-0.000000,NULL,-0.000000,0.460829,0.230947,0.230947,0.233645,0.233100,-0.000000,-0.000000,-0.000000,0.233100,0.233100,0.232019,0.233100,0.230415,0.230947,0.232019,0.232019,0.232558,0.231481,0.231481,0.230947,-0.000000,0.230415,0.231481,-0.000000,0.232558,0.233645,0.231481,0.233645,0.230947,NULL,NULL,NULL,0.232019,
